INSTRUMENTO,Data,COTA/ELEVATION(m),THERMISTOR/ELECTRICAL RESISTANCE(Ohm),MCA/WATER LEVEL(m),FREQUENCIA/FREQUENCY(Hz),KPA/PRESSURE(kPA),TEMPERATURA/TEMPERATURE(Â°C),COTA_LOCAL/ELEVATION(m)
BA1-PZE-01 (2),2020-10-20 09:00:00,1.091199169175,2334.478,4.99219916917463,2872.363,48.9554020887122,30.7584822866672,54.891199169175
BA1-PZE-01 (2),2020-10-20 21:00:00,1.088569248352,2334.276,4.98956924835176,2872.402,48.9296120857526,30.7605232764351,54.888569248352
BA1-PZE-01 (2),2020-10-21 09:00:00,1.085887602602,2334.161,4.98688760260155,2872.442,48.9033148485009,30.7616853157342,54.885887602602
BA1-PZE-01 (2),2020-10-21 21:00:00,1.08192964929,2333.977,4.98292964929045,2872.501,48.8645016543097,30.7635447139721,54.88192964929
BA1-PZE-01 (2),2020-10-22 09:00:00,1.090113542057,2333.577,4.99111354205688,2872.377,48.944756016657,30.7675874589183,54.890113542057
BA1-PZE-01 (2),2020-10-22 21:00:00,1.082166369441,2333.415,4.9831663694407,2872.496,48.8668230220574,30.7692249947221,54.882166369441
BA1-PZE-01 (2),2020-10-23 09:00:00,1.08741123248,2333.341,4.98841123247996,2872.417,48.918256142068,30.7699730478992,54.88741123248
BA1-PZE-01 (2),2020-10-23 21:00:00,1.08438655397,2333.166,4.98538655397026,2872.462,48.8885949952237,30.7717421998672,54.88438655397
BA1-PZE-01 (2),2020-10-24 09:00:00,1.088687698246,2333.022,4.98968769824601,2872.397,48.930773650427,30.7731980723201,54.888687698246
BA1-PZE-01 (2),2020-10-27 09:00:00,1.08307534428,2331.336,4.98407534428045,2872.477,48.8757367747459,30.7902515148359,54.88307534428
BA1-PZE-01 (2),2020-10-27 21:00:00,1.087078470928,2331.395,4.9880784709285,2872.417,48.9149929558448,30.7896545088346,54.887078470928
BA1-PZE-01 (2),2020-10-28 09:00:00,1.089094971728,2331.512,4.99009497172828,2872.387,48.9347675289576,30.7884706663687,54.889094971728
BA1-PZE-01 (2),2020-10-28 21:00:00,1.083034110676,2331.095,4.9840341106762,2872.477,48.8753324223545,30.7926903109235,54.883034110676
BA1-PZE-01 (2),2020-10-29 09:00:00,1.080335746114,2330.494,4.98133574611365,2872.516,48.8488712340746,30.7987733705899,54.880335746114
BA1-PZE-01 (2),2020-10-29 21:00:00,1.079301003619,2330.281,4.98030100361856,2872.531,48.8387241559664,30.8009296915811,54.879301003619
BA1-PZE-01 (2),2020-10-30 09:00:00,1.079916028088,2329.986,4.98091602808793,2872.521,48.8447553196215,30.8039165155665,54.879916028088
BA1-PZE-01 (2),2020-10-30 21:00:00,1.080554670683,2329.829,4.98155467068285,2872.511,48.8510180915921,30.8055062886747,54.880554670683
BA1-PZE-01 (2),2020-10-31 09:00:00,1.080727214508,2329.282,4.9817272145081,2872.507,48.8527101219087,30.8110461310303,54.880727214508
BA1-PZE-01 (2),2020-10-31 21:00:00,1.079489609552,2329.439,4.98048960955194,2872.526,48.8405736974192,30.8094559335794,54.879489609552
BA1-PZE-01 (2),2020-11-01 09:00:00,1.079330832203,2328.512,4.98033083220331,2872.526,48.8390166664034,30.8188469529746,54.879330832203
BA1-PZE-01 (2),2020-11-01 21:00:00,1.081734153503,2328.944,4.98273415350302,2872.491,48.8625845483299,30.814470026951,54.881734153503
BA1-PZE-01 (2),2020-11-02 09:00:00,1.079762260023,2329.088,4.98076226002296,2872.521,48.8432474115451,30.8130112566784,54.879762260023
BA1-PZE-01 (2),2020-11-02 21:00:00,1.079540050629,2327.791,4.98054005062877,2872.521,48.8410683417859,30.8261540175903,54.879540050629
BA1-PZE-01 (2),2020-11-03 09:00:00,1.084754759436,2327.541,4.98575475943578,2872.442,48.8922057579368,30.8286882745043,54.884754759436
BA1-PZE-01 (2),2020-11-03 21:00:00,1.077509366082,2327.592,4.97850936608167,2872.551,48.8211546774569,30.8281712609738,54.877509366082
BA1-PZE-01 (2),2020-11-04 09:00:00,1.075427058193,2327.092,4.97642705819334,2872.581,48.8007347750266,30.8332405768622,54.875427058193
BA1-PZE-01 (2),2020-11-04 21:00:00,1.078792083428,2327.31,4.97979208342772,2872.531,48.8337334911847,30.8310302029304,54.878792083428
BA1-PZE-01 (2),2020-11-05 09:00:00,1.081433593617,2327.19,4.9824335936167,2872.491,48.8596371438717,30.8322468934065,54.881433593617
BA1-PZE-01 (2),2020-11-05 21:00:00,1.084074513178,2327.455,4.98507451317845,2872.452,48.885535004644,30.8295601304069,54.884074513178
BA1-PZE-01 (2),2020-11-06 09:00:00,1.07759488966,2326.15,4.9785948896605,2872.546,48.8219933541704,30.8427945322801,54.87759488966
BA1-PZE-01 (2),2020-11-06 21:00:00,1.076301216993,2326.368,4.97730121699261,2872.566,48.8093071083926,30.8405831409292,54.876301216993
BA1-PZE-01 (2),2020-11-07 09:00:00,1.083882655154,2326.336,4.98488265515438,2872.452,48.8836535719544,30.8409077340835,54.883882655154
BA1-PZE-01 (2),2020-11-07 21:00:00,1.077903640327,2326.01,4.97890364032711,2872.541,48.8250210805316,30.8442148160844,54.877903640327
BA1-PZE-01 (2),2020-11-08 09:00:00,1.080547205178,2325.902,4.98154720517805,2872.501,48.8509448820149,30.8453105299836,54.880547205178
BA1-PZE-01 (2),2020-11-08 21:00:00,1.080811513492,2325.503,4.98181151349213,2872.496,48.8535367897798,30.8493590856608,54.880811513492
BA1-PZE-01 (2),2020-11-09 09:00:00,1.0810988022,2325.238,4.9820988022005,2872.491,48.8563540520245,30.8520484123882,54.8810988022
BA1-PZE-01 (2),2020-11-09 21:00:00,1.0799548605,2324.777,4.9809548605003,2872.507,48.8451361250135,30.856727656333,54.8799548605
BA1-PZE-01 (2),2020-11-10 09:00:00,1.084223872552,2324.446,4.98522387255173,2872.442,48.8869996794146,30.8600880243363,54.884223872552
BA1-PZE-01 (2),2020-11-10 21:00:00,1.082539504682,2324.326,4.98353950468184,2872.467,48.8704821280227,30.8613064189805,54.882539504682
BA1-PZE-01 (2),2020-11-11 09:00:00,1.083496048866,2324.083,4.98449604886583,2872.452,48.8798623637777,30.8637738871404,54.883496048866
BA1-PZE-01 (2),2020-11-11 21:00:00,1.084381143769,2323.424,4.98538114376863,2872.437,48.8885419407309,30.8704669746117,54.884381143769
BA1-PZE-01 (2),2020-11-12 09:00:00,1.087353900334,2323.296,4.98835390033435,2872.392,48.9176939212618,30.8717672479373,54.887353900334
BA1-PZE-01 (2),2020-11-12 21:00:00,1.084977597045,2323.022,4.98597759704507,2872.427,48.8943909882116,30.8745509192632,54.884977597045
BA1-PZE-01 (2),2020-11-13 09:00:00,1.086915507315,2322.681,4.98791550731542,2872.397,48.9133948727289,30.878015790644,54.886915507315
BA1-PZE-01 (2),2020-11-13 21:00:00,1.087668955009,2323.193,4.98866895500876,2872.387,48.9207834671202,30.8728136207559,54.887668955009
BA1-PZE-01 (2),2020-11-14 09:00:00,1.081883345153,2322.443,4.98288334515314,2872.472,48.8640475783435,30.8804344306034,54.881883345153
BA1-PZE-01 (2),2020-11-14 21:00:00,1.079537201923,2322.345,4.98053720192252,2872.507,48.8410404062895,30.8814304230645,54.879537201923
BA1-PZE-01 (2),2020-11-15 09:00:00,1.082493350248,2322.12,4.98349335024779,2872.462,48.8700295201037,30.8837173212182,54.882493350248
BA1-PZE-01 (2),2020-11-15 21:00:00,1.081770951282,2321.789,4.9827709512816,2872.472,48.8629454013301,30.8870820603575,54.881770951282
BA1-PZE-01 (2),2020-11-16 09:00:00,1.08407409925,2321.637,4.98507409925047,2872.437,48.885530945509,30.8886273800524,54.88407409925
BA1-PZE-01 (2),2020-11-20 09:00:00,1.083626883982,2319.037,4.98462688398194,2872.437,48.8811453826442,30.9150783020351,54.883626883982
BA1-PZE-01 (2),2020-11-20 21:00:00,1.076654575966,2318.741,4.97765457596575,2872.541,48.8127722807596,30.9180917749017,54.876654575966
BA1-PZE-01 (2),2020-11-21 09:00:00,1.082529129808,2318.459,4.98352912980844,2872.452,48.8703803880722,30.9209631254116,54.882529129808
BA1-PZE-01 (2),2020-11-21 21:00:00,1.086773947471,2317.989,4.98777394747112,2872.387,48.9120066831031,30.9257495919089,54.886773947471
BA1-PZE-01 (2),2020-11-22 09:00:00,1.088197731631,2318.528,4.98919773163071,2872.367,48.9259688516102,30.9202605242423,54.888197731631
BA1-PZE-01 (2),2020-11-22 21:00:00,1.081832458907,2318.278,4.98283245890735,2872.462,48.863548568481,30.9228062936109,54.881832458907
BA1-PZE-01 (2),2020-11-23 09:00:00,1.085429871948,2317.913,4.98642987194753,2872.407,48.8988261677704,30.926523677341,54.885429871948
BA1-PZE-01 (2),2020-11-23 21:00:00,1.084316914215,2317.247,4.98531691421491,2872.422,48.8879120813202,30.9333083446155,54.884316914215
BA1-PZE-01 (2),2020-11-24 09:00:00,1.084670679663,2317.369,4.98567067966251,2872.417,48.8913812397304,30.9320653418526,54.884670679663
BA1-PZE-01 (2),2020-11-24 21:00:00,1.083911460056,2316.825,4.98491146005579,2872.427,48.8839360437632,30.9376084852972,54.883911460056
BA1-PZE-01 (2),2020-11-25 09:00:00,1.091094113553,2316.412,4.99209411355278,2872.318,48.9543718733632,30.9418177789516,54.891094113553
BA1-PZE-01 (2),2020-11-25 21:00:00,1.083142733833,2316.226,4.98414273383255,2872.437,48.8763976223015,30.9437137685171,54.883142733833
BA1-PZE-01 (2),2020-11-26 09:00:00,1.08645488092,2316.137,4.98745488092026,2872.387,48.9088777952604,30.9446210505503,54.88645488092
BA1-PZE-01 (2),2020-11-26 21:00:00,1.079244489612,2316.39,4.98024448961237,2872.496,48.8381699581459,30.942042026758,54.879244489612
BA1-PZE-01 (2),2020-11-27 09:00:00,1.086348173598,2315.518,4.98734817359829,2872.387,48.907831382712,30.9509323445687,54.886348173598
BA1-PZE-01 (2),2020-11-27 21:00:00,1.08787016667,2315.082,4.98887016666963,2872.363,48.9227566251269,30.9553789307283,54.88787016667
BA1-PZE-01 (2),2020-11-28 09:00:00,1.080946055173,2315.065,4.98194605517275,2872.467,48.8548561566264,30.9555523260753,54.880946055173
BA1-PZE-01 (2),2020-11-28 21:00:00,1.083196334847,2314.607,4.9841963348473,2872.432,48.8769232542208,30.9602243455537,54.883196334847
BA1-PZE-01 (2),2020-11-29 09:00:00,1.085130728548,2314.247,4.98613072854762,2872.402,48.8958926539156,30.9638974129668,54.885130728548
BA1-PZE-01 (2),2020-11-29 21:00:00,1.083445417964,2314.122,4.98444541796431,2872.427,48.8793658579179,30.9651729355104,54.883445417964
BA1-PZE-01 (2),2020-11-30 09:00:00,1.08110062269,2314.032,4.98210062268981,2872.462,48.8563719044342,30.9660913602375,54.88110062269
BA1-PZE-01 (2),2020-11-30 21:00:00,1.078703963327,2313.256,4.97970396332663,2872.496,48.8328693519885,30.9740119070805,54.878703963327
BA1-PZE-01 (2),2020-12-01 09:00:00,1.082629954473,2313.253,4.9836299544733,2872.437,48.8713691130488,30.9740425336117,54.882629954473
BA1-PZE-01 (2),2020-12-01 21:00:00,1.084628179566,2313.263,4.98562817956604,2872.407,48.8909644676345,30.9739404453499,54.884628179566
BA1-PZE-01 (2),2020-12-02 09:00:00,1.081257170695,2313.011,4.98225717069478,2872.457,48.8579070736589,30.9765132225263,54.881257170695
BA1-PZE-01 (2),2020-12-02 21:00:00,1.080154107238,2312.404,4.98115410723834,2872.472,48.8470900142407,30.982711656796,54.880154107238
BA1-PZE-01 (2),2020-12-03 09:00:00,1.07652024932,2312.172,4.97752024931963,2872.526,48.8114550226245,30.9850812339094,54.87652024932
BA1-PZE-01 (2),2020-12-03 21:00:00,1.080649316783,2311.418,4.98164931678264,2872.462,48.8519462272121,30.9927842264751,54.880649316783
BA1-PZE-01 (2),2020-12-04 09:00:00,1.078945281663,2311.185,4.97994528166306,2872.487,48.8352358112958,30.9951651719289,54.878945281663
BA1-PZE-01 (2),2020-12-04 21:00:00,1.075779420655,2311.736,4.97677942065502,2872.536,48.8041901752245,30.9895351360055,54.875779420655
BA1-PZE-01 (2),2020-12-05 09:00:00,1.080882719634,2310.843,4.98188271963374,2872.457,48.8542350642632,30.9986604444545,54.880882719634
BA1-PZE-01 (2),2020-12-05 21:00:00,1.079504692123,2310.571,4.98050469212339,2872.477,48.8407216028457,31.0014407301568,54.879504692123
BA1-PZE-01 (2),2020-12-06 09:00:00,1.072409957226,2311.494,4.97340995722633,2872.586,48.7711479364465,30.992007668082,54.872409957226
BA1-PZE-01 (2),2020-12-06 21:00:00,1.076841073441,2310.177,4.97784107344066,2872.516,48.8146011458684,31.0054687156213,54.876841073441
BA1-PZE-01 (2),2020-12-07 09:00:00,1.077935453376,2310.733,4.97893545337606,2872.501,48.825333051379,30.9997847798986,54.877935453376
BA1-PZE-01 (2),2020-12-07 21:00:00,1.074330350887,2309.128,4.97533035088749,2872.551,48.7899800464373,31.016196779789,54.874330350887
BA1-PZE-01 (2),2020-12-08 09:00:00,1.085442183693,2310.27,4.98644218369284,2872.387,48.8989469014227,31.0045178770738,54.885442183693
BA1-PZE-01 (2),2020-12-08 21:00:00,1.080626349825,2309.36,4.9816263498248,2872.457,48.8517210044964,31.0138236517333,54.880626349825
BA1-PZE-01 (2),2020-12-09 09:00:00,1.079322825278,2309.519,4.98032282527793,2872.477,48.8389381474496,31.0121973972015,54.879322825278
BA1-PZE-01 (2),2020-12-09 21:00:00,1.083281963787,2309.323,4.98428196378662,2872.417,48.877762964139,31.0142021065778,54.883281963787
BA1-PZE-01 (2),2020-12-10 09:00:00,1.083756311937,2308.218,4.9847563119367,2872.407,48.8824146023508,31.0255077872295,54.883756311937
BA1-PZE-01 (2),2020-12-10 21:00:00,1.08345055562,2308.374,4.9844505556201,2872.412,48.8794162397233,31.0239113182048,54.88345055562
BA1-PZE-01 (2),2020-12-11 09:00:00,1.085434752695,2308.303,4.98643475269506,2872.382,48.8988740302347,31.0246379010792,54.885434752695
BA1-PZE-01 (2),2020-12-11 21:00:00,1.082781250646,2308.352,4.98378125064589,2872.422,48.8728527808102,31.0241364538439,54.882781250646
BA1-PZE-01 (2),2020-12-12 09:00:00,1.080612542724,2307.357,4.98161254272381,2872.452,48.8515856068166,31.0343212753246,54.880612542724
BA1-PZE-01 (2),2020-12-12 21:00:00,1.076761652518,2307.794,4.97776165251795,2872.511,48.8138223141201,31.0298475279507,54.876761652518
BA1-PZE-01 (2),2020-12-13 09:00:00,1.081253812498,2307.217,4.98225381249808,2872.442,48.8578741419062,31.0357547161836,54.881253812498
BA1-PZE-01 (2),2020-12-13 21:00:00,1.080260746921,2307.247,4.98126074692139,2872.457,48.8481357634964,31.0354475419618,54.880260746921
BA1-PZE-01 (2),2020-12-14 09:00:00,1.080743742361,2306.193,4.98174374236119,2872.447,48.8528722003172,31.0462423195434,54.880743742361
BA1-PZE-01 (2),2021-02-01 21:00:00,1.10854213328,2296.892,5.0095421332796,2872.005,49.1254737850522,31.1417443914818,54.90854213328
BA1-PZE-01 (2),2021-02-02 09:00:00,1.111913313663,2297.146,5.01291331366287,2871.955,49.1585328609386,31.1391305007328,54.911913313663
BA1-PZE-01 (2),2021-02-02 21:00:00,1.111195548788,2296.845,5.01219554878806,2871.965,49.1514941858256,31.1422281002067,54.911195548788
BA1-PZE-01 (2),2021-02-19 13:59:59.999997,1.120695475303,2298.289,5.02169547530333,2871.826,49.2446540752072,31.1273720569312,54.920695475303
BA1-PZE-01 (2),2021-02-19 14:30:00.000003,1.121334056772,2298.135,5.02233405677183,2871.816,49.2509162477477,31.1289559216582,54.921334056772
BA1-PZE-01 (2),2021-02-19 15:00:00,1.12372348455,2298.484,5.02472348454976,2871.781,49.2743478845214,31.1253666870269,54.92372348455
BA1-PZE-01 (2),2021-02-19 15:29:59.999997,1.126450134636,2297.329,5.02745013463551,2871.737,49.3010864513888,31.1372474681111,54.926450134636
BA1-PZE-01 (2),2021-02-19 16:59:59.999997,1.128013152949,2298.665,5.02901315294869,2871.717,49.3164140029152,31.1235054654662,54.928013152949
BA1-PZE-01 (2),2021-02-19 17:30:00.000003,1.123308908232,2298.013,5.0243089082325,2871.786,49.2702823916154,31.1302107572923,54.923308908232
BA1-PZE-01 (2),2021-02-19 18:00:00,1.120993725332,2298.091,5.02199372533189,2871.821,49.2475788283223,31.1294084765986,54.920993725332
BA1-PZE-01 (2),2021-02-19 18:29:59.999997,1.123109592798,2298.78,5.02410959279786,2871.791,49.2683278287232,31.122323007932,54.923109592798
BA1-PZE-01 (2),2021-02-19 19:00:00.000003,1.124738025587,2298.579,5.02573802558732,2871.766,49.2842968594614,31.1243897820077,54.924738025587
BA1-PZE-01 (2),2021-02-19 19:30:00,1.120322451089,2298.057,5.0213224510894,2871.831,49.2409960580155,31.12975818489,54.920322451089
BA1-PZE-01 (2),2021-02-19 19:59:59.999997,1.122047754673,2298.413,5.02304775467299,2871.806,49.2579150405721,31.1260968249605,54.922047754673
BA1-PZE-01 (2),2021-02-19 20:30:00.000003,1.121763582881,2298.692,5.02276358288105,2871.811,49.2551283439946,31.1232278389607,54.921763582881
BA1-PZE-01 (2),2021-02-19 21:00:00,1.124054073448,2298.472,5.0250540734479,2871.776,49.2775897648801,31.1254900888209,54.924054073448
BA1-PZE-01 (2),2021-02-19 21:29:59.999997,1.125684752715,2298.284,5.02668475271507,2871.751,49.2935808254322,31.1274234792156,54.925684752715
BA1-PZE-01 (2),2021-02-19 22:00:00.000003,1.124822162724,2299.063,5.02582216272427,2871.766,49.2851219401978,31.1194134205099,54.924822162724
BA1-PZE-01 (2),2021-02-19 22:30:00,1.126023565897,2298.702,5.0270235658973,2871.747,49.296903356246,31.1231250152698,54.926023565897
BA1-PZE-01 (2),2021-02-22 09:00:00,1.135664067518,2299.046,5.03666406751847,2871.603,49.3914417785345,31.1195881898855,54.935664067518
BA1-PZE-01 (2),2021-02-22 09:29:59.999997,1.134646059459,2298.548,5.03564605945923,2871.617,49.3814588046625,31.1247085564952,54.934646059459
BA1-PZE-01 (2),2021-02-22 10:00:00.000003,1.137574110448,2298.552,5.03857411044848,2871.573,49.4101723853217,31.1246674240286,54.937574110448
BA1-PZE-01 (2),2021-02-22 10:30:00,1.137321425258,2299.012,5.03832142525751,2871.578,49.4076944583189,31.1199377330437,54.937321425258
BA1-PZE-01 (2),2021-02-22 10:59:59.999997,1.134398757739,2299.039,5.03539875773872,2871.622,49.3790336700157,31.1196601541729,54.934398757739
BA1-PZE-01 (2),2021-02-22 11:30:00.000003,1.13399048118,2298.604,5.03499048117958,2871.627,49.3750299549324,31.124132709368,54.93399048118
BA1-PZE-01 (2),2021-02-22 12:00:00,1.13633406934,2299.073,5.03733406933974,2871.593,49.3980120709937,31.1193106156811,54.93633406934
BA1-PZE-01 (2),2021-02-22 12:29:59.999997,1.130430642331,2299.176,5.03143064233141,2871.682,49.3401208224475,31.118251755526,54.930430642331
BA1-PZE-01 (2),2021-02-22 13:00:00.000003,1.130657442034,2298.567,5.03165744203375,2871.677,49.3423449065126,31.1245131780037,54.930657442034
BA1-PZE-01 (2),2021-02-22 13:30:00,1.133018408881,2298.753,5.03401840888084,2871.642,49.3654974445832,31.1226006223557,54.933018408881
BA1-PZE-01 (2),2021-02-22 13:59:59.999997,1.134957211538,2298.807,5.03595721153788,2871.613,49.3845100801834,31.1220453972149,54.934957211538
BA1-PZE-01 (2),2021-02-22 14:30:00.000003,1.13274606742,2299.1,5.03374606741977,2871.647,49.3628267607262,31.1190330451826,54.93274606742
BA1-PZE-01 (2),2021-02-22 15:00:00,1.132148179141,2299.488,5.03314817914071,2871.657,49.3569636410636,31.1150446635093,54.932148179141
BA1-PZE-01 (2),2021-02-22 15:29:59.999997,1.141762120005,2299.681,5.04276212000541,2871.513,49.4512415984814,31.1130610369129,54.941762120005
BA1-PZE-01 (2),2021-02-22 16:00:00.000003,1.135664588971,2299.049,5.03666458897134,2871.603,49.3914468920986,31.1195573481241,54.935664588971
BA1-PZE-01 (2),2021-02-22 16:30:00,1.132685227578,2298.75,5.03368522757795,2871.647,49.3622301421184,31.1226314686316,54.932685227578
BA1-PZE-01 (2),2021-02-22 16:59:59.999997,1.135051766835,2299.351,5.03605176683463,2871.613,49.3854373253544,31.1164528449169,54.935051766835
BA1-PZE-01 (2),2021-02-22 17:30:00.000003,1.134907490279,2298.521,5.03590749027876,2871.613,49.3840224946219,31.1249862027729,54.934907490279
BA1-PZE-01 (2),2021-02-22 18:00:00,1.134998408792,2299.044,5.03599840879201,2871.613,49.3849140761117,31.119608751085,54.934998408792
BA1-PZE-01 (2),2021-02-22 18:29:59.999997,1.132773181214,2299.256,5.03377318121426,2871.647,49.363092648898,31.1174293770775,54.932773181214
BA1-PZE-01 (2),2021-02-22 19:00:00.000003,1.138980854293,2298.99,5.0399808542933,2871.553,49.4239674500274,31.1201639111599,54.938980854293
BA1-PZE-01 (2),2021-02-22 19:30:00,1.137380866891,2299.354,5.03838086689082,2871.578,49.4082773655633,31.1164220078063,54.937380866891
BA1-PZE-01 (2),2021-02-22 19:59:59.999997,1.13768293008,2299.178,5.03868293008039,2871.573,49.4112395119839,31.1182311956684,54.93768293008
BA1-PZE-01 (2),2021-02-22 20:30:00.000003,1.135695527118,2299.227,5.03669552711784,2871.603,49.3917502833205,31.1177274855066,54.935695527118
BA1-PZE-01 (2),2021-02-22 21:00:00,1.137362618336,2299.249,5.03836261833579,2871.578,49.4080984132981,31.1175013338932,54.937362618336
BA1-PZE-01 (2),2021-02-22 21:29:59.999997,1.13943950193,2299.715,5.04043950192974,2871.548,49.4284651230361,31.1127116093466,54.93943950193
BA1-PZE-01 (2),2021-02-22 22:00:00.000003,1.140085683815,2299.605,5.0410856838151,2871.538,49.4348018281533,31.1138421315327,54.940085683815
BA1-PZE-01 (2),2021-02-22 22:30:00,1.141014977789,2299.21,5.04201497778933,2871.523,49.4439148379956,31.1179022407109,54.941014977789
BA1-PZE-01 (2),2021-02-22 22:59:59.999997,1.139672397706,2299.141,5.04067239770565,2871.543,49.4307489875146,31.1186115563262,54.939672397706
BA1-PZE-01 (2),2021-02-22 23:30:00.000003,1.135527934976,2299.794,5.03652793497588,2871.607,49.3901068110913,31.111899726794,54.935527934976
BA1-PZE-01 (2),2021-02-23 00:00:00,1.142110576348,2299.772,5.04311057634812,2871.508,49.4546586937909,31.1121258174842,54.942110576348
BA1-PZE-01 (2),2021-02-23 00:29:59.999997,1.135364047271,2298.851,5.03636404727084,2871.607,49.388499665978,31.1215930025068,54.935364047271
BA1-PZE-01 (2),2021-02-23 01:00:00.000003,1.136354057542,2299.188,5.03735405754221,2871.593,49.3982080829032,31.1181283966851,54.936354057542
BA1-PZE-01 (2),2021-02-23 01:30:00,1.137035875136,2299.283,5.03803587513565,2871.583,49.4048942453149,31.1171518316928,54.937035875136
BA1-PZE-01 (2),2021-02-23 01:59:59.999997,1.137991421365,2299.039,5.03899142136545,2871.568,49.4142646947517,31.1196601541729,54.937991421365
BA1-PZE-01 (2),2021-02-23 02:30:00.000003,1.141060337609,2299.471,5.04206033760865,2871.523,49.4443596536214,31.1152193961651,54.941060337609
BA1-PZE-01 (2),2021-02-23 03:00:00,1.139938470068,2298.758,5.04093847006844,2871.538,49.4333581942122,31.1225492119976,54.939938470068
BA1-PZE-01 (2),2021-02-23 03:29:59.999997,1.1363502338,2299.166,5.03735023380012,2871.593,49.3981705858349,31.1183545551193,54.9363502338
BA1-PZE-01 (2),2021-02-23 04:00:00.000003,1.144359133339,2299.312,5.04535913333948,2871.473,49.4767088981001,31.1168537315174,54.944359133339
BA1-PZE-01 (2),2021-02-23 04:30:00,1.140997596997,2299.11,5.04199759699713,2871.523,49.443744395343,31.1189302422346,54.940997596997
BA1-PZE-01 (2),2021-02-23 04:59:59.999997,1.134977028541,2298.921,5.0359770285412,2871.613,49.3847044132485,31.1208733039393,54.934977028541
BA1-PZE-01 (2),2021-02-23 05:30:00.000003,1.134100514625,2299.237,5.03510051462465,2871.627,49.376108984707,31.1176246890137,54.934100514625
BA1-PZE-01 (2),2021-02-23 06:00:00,1.136383777029,2299.359,5.03738377702901,2871.593,49.3984995234839,31.1163706127235,54.936383777029
BA1-PZE-01 (2),2021-02-23 06:29:59.999997,1.142701487958,2299.344,5.0437014879575,2871.498,49.4604533975786,31.116524798353,54.942701487958
BA1-PZE-01 (2),2021-02-23 07:00:00.000003,1.142627966207,2298.921,5.04362796620666,2871.498,49.4597324153525,31.1208733039393,54.942627966207
BA1-PZE-01 (2),2021-02-23 07:30:00,1.140238433311,2298.57,5.04123843331073,2871.533,49.4362997477521,31.124482328936,54.940238433311
BA1-PZE-01 (2),2021-02-23 08:30:00.000003,1.13965588541,2299.046,5.04065588541008,2871.543,49.4305870616704,31.1195881898855,54.93965588541
BA1-PZE-01 (2),2021-02-23 09:00:00,1.141431560327,2299.693,5.04243156032722,2871.518,49.4480000046636,31.112937708866,54.941431560327
BA1-PZE-01 (2),2021-02-23 09:29:59.999997,1.14034325444,2299.173,5.04134325444024,2871.533,49.4373276635805,31.1182825953506,54.94034325444
BA1-PZE-01 (2),2021-02-23 10:00:00.000003,1.139664750002,2299.097,5.04066475000201,2871.543,49.4306739912272,31.1190638861661,54.939664750002
BA1-PZE-01 (2),2021-02-23 10:30:00,1.141681832258,2299.219,5.04268183225764,2871.513,49.4504542663171,31.1178097230668,54.941681832258
BA1-PZE-01 (2),2021-02-23 10:59:59.999997,1.137268753657,2298.709,5.03826875365739,2871.578,49.4071779405932,31.1230530389887,54.937268753657
BA1-PZE-01 (2),2021-02-23 11:30:00.000003,1.143286123615,2298.88,5.04428612361459,2871.488,49.4661865569936,31.1212948386492,54.943286123615
BA1-PZE-01 (2),2021-02-23 12:00:00,1.141029403194,2299.293,5.04202940319422,2871.523,49.4440562989975,31.117049038046,54.941029403194
BA1-PZE-01 (2),2021-02-23 12:29:59.999997,1.142011521848,2299.202,5.04301152184758,2871.508,49.4536873277179,31.1179844789623,54.942011521848
BA1-PZE-01 (2),2021-02-23 13:00:00.000003,1.138702433277,2299.302,5.03970243327668,2871.558,49.4212371477376,31.1169565241985,54.938702433277
BA1-PZE-01 (2),2021-02-23 13:30:00,1.143211367912,2298.45,5.04421136791208,2871.488,49.4654534741678,31.1257163273452,54.943211367912
BA1-PZE-01 (2),2021-02-23 13:59:59.999997,1.144059165059,2299.5,5.04505916505853,2871.478,49.4737672951491,31.1149213236952,54.944059165059
BA1-PZE-01 (2),2021-02-23 15:00:00,1.139990618943,2299.058,5.04099061894264,2871.538,49.433869585889,31.1194648231149,54.939990618943
BA1-PZE-01 (2),2021-02-23 15:29:59.999997,1.135955177306,2298.807,5.03695517730557,2871.598,49.3942965117275,31.1220453972149,54.935955177306
BA1-PZE-01 (2),2021-02-23 16:00:00.000003,1.138612917085,2298.787,5.03961291708457,2871.558,49.4203593179416,31.1222510344272,54.938612917085
BA1-PZE-01 (2),2021-02-23 16:30:00,1.139993573814,2299.075,5.04099357381396,2871.538,49.4338985624796,31.1192900547765,54.939993573814
BA1-PZE-01 (2),2021-02-23 16:59:59.999997,1.139599390112,2298.721,5.04059939011202,2871.543,49.4300330473086,31.122929651658,54.939599390112
BA1-PZE-01 (2),2021-02-23 17:30:00.000003,1.138980854293,2298.99,5.0399808542933,2871.553,49.4239674500274,31.1201639111599,54.938980854293
BA1-PZE-01 (2),2021-02-23 18:00:00,1.142354767422,2299.263,5.0433547674223,2871.503,49.4570533242568,31.117357420511,54.942354767422
BA1-PZE-01 (2),2021-02-23 18:29:59.999997,1.145339670537,2299.212,5.04633967053741,2871.458,49.4863244184668,31.1178816811989,54.945339670537
BA1-PZE-01 (2),2021-02-23 19:00:00.000003,1.137407977281,2299.51,5.03840797728058,2871.578,49.4085432203472,31.1148185410757,54.937407977281
BA1-PZE-01 (2),2021-02-23 19:30:00,1.143317933429,2299.063,5.04431793342892,2871.488,49.4664984961211,31.1194134205099,54.943317933429
BA1-PZE-01 (2),2021-02-23 19:59:59.999997,1.141589009281,2298.685,5.04258900928086,2871.513,49.4495440089342,31.1232998158469,54.941589009281
BA1-PZE-01 (2),2021-02-23 20:30:00.000003,1.142438528594,2299.745,5.04343852859411,2871.503,49.4578747181367,31.1124032957827,54.942438528594
BA1-PZE-01 (2),2021-02-23 21:00:00,1.142436269737,2299.732,5.04343626973722,2871.503,49.4578525669279,31.1125368977657,54.942436269737
BA1-PZE-01 (2),2021-02-23 21:29:59.999997,1.143311675988,2299.027,5.04431167598794,2871.488,49.4664371332771,31.1197835221025,54.943311675988
BA1-PZE-01 (2),2021-02-23 22:00:00.000003,1.145003729798,2299.193,5.0460037297976,2871.463,49.4830300559153,31.118076997384,54.945003729798
BA1-PZE-01 (2),2021-02-23 22:30:00,1.144684647295,2299.271,5.04568464729509,2871.468,49.4799010116439,31.1172751847397,54.944684647295
BA1-PZE-01 (2),2021-02-23 22:59:59.999997,1.142387092563,2299.449,5.04338709256307,2871.503,49.457370316871,31.1154455229583,54.942387092563
BA1-PZE-01 (2),2021-02-23 23:30:00.000003,1.143420643831,2299.654,5.04442064383061,2871.488,49.4675057133501,31.1133385276934,54.943420643831
BA1-PZE-01 (2),2021-02-24 00:00:00,1.143386410364,2299.457,5.04438641036444,2871.488,49.4671700069722,31.1153632947489,54.943386410364
BA1-PZE-01 (2),2021-02-24 00:29:59.999997,1.139028304642,2299.263,5.04002830464195,2871.553,49.424432766177,31.117357420511,54.939028304642
BA1-PZE-01 (2),2021-02-24 01:00:00.000003,1.139401446378,2299.496,5.04040144637753,2871.548,49.4280919358303,31.1149624368853,54.939401446378
BA1-PZE-01 (2),2021-02-24 01:30:00,1.144407966303,2299.593,5.04540796630312,2871.473,49.4771877726977,31.1139654649447,54.944407966303
BA1-PZE-01 (2),2021-02-24 01:59:59.999997,1.147376008802,2299.828,5.04837600880157,2871.429,49.5062935252945,31.1115503187449,54.947376008802
BA1-PZE-01 (2),2021-02-24 02:30:00.000003,1.14047445409,2299.928,5.04147445409047,2871.533,49.4386142572065,31.1105226820457,54.94047445409
BA1-PZE-01 (2),2021-02-24 03:00:00,1.143358256488,2299.295,5.04435825648799,2871.488,49.4668939193607,31.1170284793777,54.943358256488
BA1-PZE-01 (2),2021-02-24 03:29:59.999997,1.141072328307,2299.54,5.04207232830695,2871.523,49.4444772389646,31.1145101962661,54.941072328307
BA1-PZE-01 (2),2021-02-24 04:00:00.000003,1.143380849284,2299.425,5.04438084928359,2871.488,49.4671154729002,31.1156922095377,54.943380849284
BA1-PZE-01 (2),2021-02-24 04:30:00,1.146322844754,2299.51,5.04732284475388,2871.444,49.4959657984401,31.1148185410757,54.946322844754
BA1-PZE-01 (2),2021-02-24 04:59:59.999997,1.143521760794,2300.236,5.04452176079396,2871.488,49.4684973047167,31.1073578801261,54.943521760794
BA1-PZE-01 (2),2021-02-24 05:30:00.000003,1.141732405249,2299.51,5.04273240524931,2871.513,49.4509502042912,31.1148185410757,54.941732405249
BA1-PZE-01 (2),2021-02-24 06:00:00,1.141025927247,2299.273,5.04202592724713,2871.523,49.4440222125399,31.1172546258478,54.941025927247
BA1-PZE-01 (2),2021-02-24 06:29:59.999997,1.147071346425,2299.989,5.04807134642524,2871.434,49.5033058902604,31.1098958486007,54.947071346425
BA1-PZE-01 (2),2021-02-24 07:00:00.000003,1.144143263892,2299.984,5.04514326389204,2871.478,49.4745920002684,31.1099472276802,54.944143263892
BA1-PZE-01 (2),2021-02-24 07:30:00,1.147365757371,2299.769,5.04836575737067,2871.429,49.506192995867,31.1121566482234,54.947365757371
BA1-PZE-01 (2),2021-02-24 07:59:59.999997,1.143802631117,2299.938,5.04480263111746,2871.483,49.4712516258396,31.1104199211693,54.943802631117
BA1-PZE-01 (2),2021-02-24 08:30:00.000003,1.144132665767,2299.923,5.04513266576694,2871.478,49.4744880710263,31.1105740626743,54.944132665767
BA1-PZE-01 (2),2021-02-24 09:00:00,1.142723558863,2299.471,5.04372355886256,2871.498,49.4606698332614,31.1152193961651,54.942723558863
BA1-PZE-01 (2),2021-02-24 09:29:59.999997,1.145447933415,2299.835,5.04644793341525,2871.458,49.4873860853872,31.1114783825226,54.945447933415
BA1-PZE-01 (2),2021-02-24 10:00:00.000003,1.144638240064,2299.004,5.04563824006368,2871.468,49.4794459246981,31.1200199793468,54.944638240064
BA1-PZE-01 (2),2021-02-24 10:30:00,1.14540084403,2299.564,5.04640084402966,2871.458,49.4869243089783,31.1142635237109,54.94540084403
BA1-PZE-01 (2),2021-02-24 10:59:59.999997,1.142334084724,2299.144,5.0433340847244,2871.503,49.4568505018624,31.1185807160136,54.942334084724
BA1-PZE-01 (2),2021-02-24 11:30:00.000003,1.144835446201,2298.225,5.04583544620121,2871.463,49.481379803021,31.1280302717767,54.944835446201
BA1-PZE-01 (2),2021-02-24 12:00:00,1.142274984596,2298.804,5.04327498459581,2871.503,49.4562709435433,31.1220762426671,54.942274984596
BA1-PZE-01 (2),2021-02-24 12:29:59.999997,1.143962009336,2298.941,5.04496200933603,2871.478,49.4728145492152,31.1206676803528,54.943962009336
BA1-PZE-01 (2),2021-02-24 13:00:00.000003,1.143355301938,2299.278,5.04435530193809,2871.488,49.466864945922,31.1172032287067,54.943355301938
BA1-PZE-01 (2),2021-02-24 13:30:00,1.141981452416,2299.029,5.04298145241554,2871.508,49.4533924554407,31.11976296073,54.941981452416
BA1-PZE-01 (2),2021-02-24 13:59:59.999997,1.145025802351,2299.32,5.04602580235057,2871.463,49.4832465077566,31.1167714977385,54.945025802351
BA1-PZE-01 (2),2021-02-24 14:30:00.000003,1.143632671253,2298.96,5.04463267125317,2871.483,49.4695849348257,31.1204723398291,54.943632671253
BA1-PZE-01 (2),2021-02-24 15:00:00,1.14337059581,2299.366,5.04437059581014,2871.488,49.4670149234433,31.1162986598211,54.94337059581
BA1-PZE-01 (2),2021-02-24 15:29:59.999997,1.143730347394,2299.522,5.0447303473938,2871.483,49.4705427841778,31.1146952026032,54.943730347394
BA1-PZE-01 (2),2021-02-24 16:00:00.000003,1.14271295805,2299.41,5.04371295804962,2871.498,49.460565877661,31.1158463901362,54.94271295805
BA1-PZE-01 (2),2021-02-24 16:30:00,1.139082351998,2299.574,5.04008235199775,2871.553,49.4249627750857,31.1141607443433,54.939082351998
BA1-PZE-01 (2),2021-02-24 16:59:59.999997,1.146516257388,2298.709,5.04751625738831,2871.439,49.4978624762302,31.1230530389887,54.946516257388
BA1-PZE-01 (2),2021-02-24 17:30:00.000003,1.145043181338,2299.42,5.04604318133823,2871.463,49.4834169327135,31.1157436029435,54.945043181338
BA1-PZE-01 (2),2021-02-24 18:00:00,1.139076791239,2299.542,5.04007679123853,2871.553,49.4249082441678,31.1144896401081,54.939076791239
BA1-PZE-01 (2),2021-02-24 18:29:59.999997,1.147246888444,2299.085,5.04824688844381,2871.429,49.5050273219999,31.1191872505577,54.947246888444
BA1-PZE-01 (2),2021-02-24 19:00:00.000003,1.140609674377,2298.792,5.04160967437747,2871.528,49.4399402787237,31.1221996249334,54.940609674377
BA1-PZE-01 (2),2021-02-24 19:30:00,1.145726727281,2299.908,5.04672672728138,2871.454,49.4901200439798,31.1107282053221,54.945726727281
BA1-PZE-01 (2),2021-02-24 19:59:59.999997,1.142458510157,2299.86,5.04345851015723,2871.503,49.4580706649385,31.1112214694748,54.942458510157
BA1-PZE-01 (2),2021-02-24 20:30:00.000003,1.149342963461,2299.662,5.05034296346129,2871.399,49.5255822301304,31.1132563078168,54.949342963461
BA1-PZE-01 (2),2021-02-24 21:00:00,1.143385020102,2299.449,5.04438502010249,2871.488,49.4671563735352,31.1154455229583,54.943385020102
BA1-PZE-01 (2),2021-02-24 21:29:59.999997,1.14701748392,2299.679,5.04801748391951,2871.434,49.5027776940613,31.1130815916586,54.94701748392
BA1-PZE-01 (2),2021-02-24 22:00:00.000003,1.145331154065,2299.163,5.04633115406507,2871.458,49.4862409027026,31.1183853950964,54.945331154065
BA1-PZE-01 (2),2021-02-24 22:30:00,1.148625044959,2299.359,5.04962504495915,2871.409,49.5185420484887,31.1163706127235,54.948625044959
BA1-PZE-01 (2),2021-02-24 22:59:59.999997,1.146905736337,2299.036,5.04790573633742,2871.434,49.5016818548072,31.1196909960867,54.946905736337
BA1-PZE-01 (2),2021-02-24 23:30:00.000003,1.142794454442,2299.879,5.04379445444207,2871.498,49.4613650622539,31.1110262176816,54.942794454442
BA1-PZE-01 (2),2021-02-25 00:00:00,1.148717489519,2299.891,5.04971748951943,2871.409,49.5194485949758,31.1109029017043,54.948717489519
BA1-PZE-01 (2),2021-02-25 00:29:59.999997,1.150316179391,2299.52,5.05131617939133,2871.384,49.5351259553622,31.1147157589645,54.950316179391
BA1-PZE-01 (2),2021-02-25 01:00:00.000003,1.150977961869,2299.5,5.05197796186926,2871.374,49.5416156458179,31.1149213236952,54.950977961869
BA1-PZE-01 (2),2021-02-25 01:30:00,1.145680160895,2299.64,5.04668016089542,2871.454,49.4896633963037,31.1134824132599,54.945680160895
BA1-PZE-01 (2),2021-02-25 01:59:59.999997,1.148258347525,2299.163,5.04925834752524,2871.414,49.5149460741074,31.1183853950964,54.948258347525
BA1-PZE-01 (2),2021-02-25 02:30:00.000003,1.1466801566,2299.652,5.04768015659995,2871.439,49.4994697341808,31.1133590827134,54.9466801566
BA1-PZE-01 (2),2021-02-25 03:00:00,1.149645879471,2299.491,5.05064587947076,2871.394,49.5285527396274,31.1150138284872,54.949645879471
BA1-PZE-01 (2),2021-02-25 03:29:59.999997,1.154004784521,2299.691,5.05500478452124,2871.329,49.5712978189357,31.1129582634896,54.954004784521
BA1-PZE-01 (2),2021-02-25 04:00:00.000003,1.149361208291,2299.767,5.05036120829088,2871.399,49.5257611458624,31.1121772020749,54.949361208291
BA1-PZE-01 (2),2021-02-25 04:30:00,1.142740589008,2299.569,5.04374058900753,2871.498,49.4608368373343,31.1142121339636,54.942740589008
BA1-PZE-01 (2),2021-02-25 04:59:59.999997,1.147447239303,2300.238,5.04844723930274,2871.429,49.5069920386563,31.1073373310385,54.947447239303
BA1-PZE-01 (2),2021-02-25 05:30:00.000003,1.148322476703,2299.532,5.04932247670328,2871.414,49.5155749491956,31.1145924211016,54.948322476703
BA1-PZE-01 (2),2021-02-25 06:00:00,1.143752416357,2299.649,5.04475241635687,2871.483,49.4707592008158,31.1133899152814,54.943752416357
BA1-PZE-01 (2),2021-02-25 06:29:59.999997,1.14893769065,2299.244,5.04993769064961,2871.404,49.5216079709349,31.1175527317712,54.94893769065
BA1-PZE-01 (2),2021-02-25 07:00:00.000003,1.143870557319,2300.329,5.04487055731877,2871.483,49.4719177359825,31.1064023690398,54.943870557319
BA1-PZE-01 (2),2021-02-25 07:30:00,1.150104998638,2300.219,5.05110499863778,2871.389,49.5330550366445,31.1075325481905,54.950104998638
BA1-PZE-01 (2),2021-02-25 07:59:59.999997,1.146906605429,2299.041,5.04790660542928,2871.434,49.5016903774519,31.1196395929225,54.946906605429
BA1-PZE-01 (2),2021-02-25 08:30:00.000003,1.148046315992,2299.857,5.04904631599169,2871.419,49.5128668123173,31.1112522988729,54.948046315992
BA1-PZE-01 (2),2021-02-25 09:00:00,1.149868837977,2298.86,5.05086883797737,2871.389,49.5307391554674,31.1215004684383,54.949868837977
BA1-PZE-01 (2),2021-02-25 09:29:59.999997,1.151071442383,2300.038,5.05207144238297,2871.374,49.542532351258,31.1093923403407,54.951071442383
BA1-PZE-01 (2),2021-02-25 10:00:00.000003,1.147722195602,2299.906,5.048722195602,2871.424,49.5096883646096,31.1107487577614,54.947722195602
BA1-PZE-01 (2),2021-02-25 10:30:00,1.146299036382,2299.373,5.04729903638239,2871.444,49.495732324502,31.1162267071677,54.946299036382
BA1-PZE-01 (2),2021-02-25 10:59:59.999997,1.147964297348,2299.385,5.0489642973476,2871.419,49.5120625063259,31.1161033603412,54.947964297348
BA1-PZE-01 (2),2021-02-25 11:30:00.000003,1.143760061974,2299.693,5.0447600619736,2871.483,49.4708341766394,31.112937708866,54.943760061974
BA1-PZE-01 (2),2021-02-25 12:00:00,1.14311823579,2299.828,5.04411823578973,2871.493,49.4645401851857,31.1115503187449,54.94311823579
BA1-PZE-01 (2),2021-02-25 12:29:59.999997,1.147017831446,2299.681,5.04801783144601,2871.434,49.5027811020382,31.1130610369129,54.947017831446
BA1-PZE-01 (2),2021-02-25 13:00:00.000003,1.147677193068,2299.647,5.04867719306814,2871.424,49.509247052662,31.1134104703522,54.947677193068
BA1-PZE-01 (2),2021-02-25 13:30:00,1.148320043831,2299.518,5.04932004383142,2871.414,49.5155510915299,31.1147363153461,54.948320043831
BA1-PZE-01 (2),2021-02-25 13:59:59.999997,1.147239240528,2299.041,5.04823924052847,2871.429,49.5049523236359,31.1196395929225,54.947239240528
BA1-PZE-01 (2),2021-02-25 14:30:00.000003,1.145999383963,2299.18,5.04699938396254,2871.448,49.4927938190049,31.1182106358311,54.945999383963
BA1-PZE-01 (2),2021-02-25 15:00:00,1.147435773904,2300.172,5.04843577390409,2871.429,49.5068796046003,31.1080154616528,54.947435773904
BA1-PZE-01 (2),2021-02-25 15:29:59.999997,1.146262191052,2299.161,5.04726219105231,2871.444,49.4953710051939,31.1184059551065,54.946262191052
BA1-PZE-01 (2),2021-02-25 16:00:00.000003,1.147275740445,2299.251,5.04827574044465,2871.429,49.5053102556842,31.1174807747776,54.947275740445
BA1-PZE-01 (2),2021-02-25 16:30:00,1.146658956551,2299.53,5.0476589565513,2871.439,49.4992618384481,31.1146129773612,54.946658956551
BA1-PZE-01 (2),2021-02-25 16:59:59.999997,1.15008502062,2300.104,5.05108502061979,2871.389,49.5328591246081,31.108714164815,54.95008502062
BA1-PZE-01 (2),2021-02-25 17:30:00.000003,1.147332742256,2299.579,5.04833274225612,2871.429,49.5058692371083,31.1141093548501,54.947332742256
BA1-PZE-01 (2),2021-02-25 18:00:00,1.14435026969,2299.261,5.0453502696899,2871.473,49.4766219777836,31.1173779795046,54.94435026969
BA1-PZE-01 (2),2021-02-25 18:29:59.999997,1.147994535261,2299.559,5.04899453526128,2871.419,49.512359030798,31.1143149135852,54.947994535261
BA1-PZE-01 (2),2021-02-25 19:00:00.000003,1.149009463012,2299.657,5.0500094630124,2871.404,49.522311797998,31.1133076952016,54.949009463012
BA1-PZE-01 (2),2021-02-25 19:59:59.999997,1.151113830557,2300.282,5.05211383055699,2871.374,49.5429480258002,31.1068852562505,54.951113830557
BA1-PZE-01 (2),2021-02-25 20:30:00.000003,1.151009935697,2299.684,5.05200993569722,2871.374,49.5419291933252,31.1130302048326,54.951009935697
BA1-PZE-01 (2),2021-02-25 21:00:00,1.147998358261,2299.581,5.0489983582606,2871.419,49.5123965205816,31.1140887990884,54.947998358261
BA1-PZE-01 (2),2021-02-25 21:29:59.999997,1.152641965713,2299.505,5.05364196571257,2871.349,49.5579334998273,31.114869932322,54.952641965713
BA1-PZE-01 (2),2021-02-25 22:00:00.000003,1.148949161309,2299.31,5.04994916130882,2871.404,49.5217204565783,31.116874290013,54.948949161309
BA1-PZE-01 (2),2021-02-25 22:30:00,1.15004002249,2299.845,5.0510400224901,2871.389,49.5324178558487,31.1113756169225,54.95004002249
BA1-PZE-01 (2),2021-02-25 22:59:59.999997,1.154696788189,2299.845,5.05569678818916,2871.319,49.5780838698647,31.1113756169225,54.954696788189
BA1-PZE-01 (2),2021-02-25 23:30:00.000003,1.145651314443,2299.474,5.0466513144428,2871.454,49.4893805170277,31.1151885608837,54.945651314443
BA1-PZE-01 (2),2021-02-26 00:00:00,1.149008072888,2299.649,5.05000807288791,2871.404,49.5222981659089,31.1133899152814,54.949008072888
BA1-PZE-01 (2),2021-02-26 00:29:59.999997,1.151415884143,2300.106,5.05241588414303,2871.369,49.545910078045,31.1086936143868,54.951415884143
BA1-PZE-01 (2),2021-02-26 01:00:00.000003,1.151414668054,2300.099,5.05241466805432,2871.369,49.5458981526169,31.1087655409743,54.951414668054
BA1-PZE-01 (2),2021-02-26 01:30:00,1.15071171034,2299.882,5.05171171034036,2871.379,49.5390046821495,31.1109953886187,54.95071171034
BA1-PZE-01 (2),2021-02-26 01:59:59.999997,1.149386228232,2299.911,5.05038622823167,2871.399,49.5260065009094,31.1106973767011,54.949386228232
BA1-PZE-01 (2),2021-02-26 02:30:00.000003,1.149020410051,2299.72,5.05002041005086,2871.404,49.522419148817,31.1126602234351,54.949020410051
BA1-PZE-01 (2),2021-02-26 03:00:00,1.15341633146,2300.133,5.05441633145977,2871.339,49.5655272246028,31.1084161855946,54.95341633146
BA1-PZE-01 (2),2021-02-26 03:29:59.999997,1.151653470381,2299.559,5.05265347038147,2871.364,49.548239938982,31.1143149135852,54.951653470381
BA1-PZE-01 (2),2021-02-26 04:00:00.000003,1.14842064641,2300.097,5.04942064641035,2871.414,49.5165376386479,31.1087860914736,54.94842064641
BA1-PZE-01 (2),2021-02-26 04:30:00,1.150372652376,2299.845,5.05137265237636,2871.384,49.5356797509127,31.1113756169225,54.950372652376
BA1-PZE-01 (2),2021-02-26 04:59:59.999997,1.147361934727,2299.747,5.04836193472663,2871.429,49.5061555095672,31.1123827417076,54.947361934727
BA1-PZE-01 (2),2021-02-26 05:30:00.000003,1.151038779155,2299.85,5.05203877915546,2871.374,49.5422120432374,31.111324234313,54.951038779155
BA1-PZE-01 (2),2021-02-26 06:00:00,1.150082067251,2300.087,5.05108206725127,2871.389,49.5328301627536,31.1088888442746,54.950082067251
BA1-PZE-01 (2),2021-02-26 06:29:59.999997,1.149806762447,2300.417,5.05080676244746,2871.394,49.5301304192323,31.1054982699527,54.949806762447
BA1-PZE-01 (2),2021-02-26 07:00:00.000003,1.151684053212,2299.735,5.05268405321153,2871.364,49.5485398458349,31.1125060664626,54.951684053212
BA1-PZE-01 (2),2021-02-26 07:30:00,1.149752390154,2300.104,5.05075239015432,2871.394,49.5295972238642,31.108714164815,54.949752390154
BA1-PZE-01 (2),2021-02-26 07:59:59.999997,1.148080195227,2300.052,5.04908019522735,2871.419,49.5131990449761,31.1092484830776,54.948080195227
BA1-PZE-01 (2),2021-02-26 08:30:00.000003,1.14968271879,2299.703,5.05068271879027,2871.394,49.5289139999931,31.1128349360524,54.94968271879
BA1-PZE-01 (2),2021-02-26 09:00:00,1.153740095501,2300.082,5.05474009550073,2871.334,49.568702177819,31.1089402208656,54.953740095501
BA1-PZE-01 (2),2021-02-26 09:29:59.999997,1.155751115697,2300.17,5.05675111569686,2871.304,49.5884230060503,31.1080360114107,54.955751115697
BA1-PZE-01 (2),2021-02-26 10:00:00.000003,1.148443925116,2300.231,5.04944392511564,2871.414,49.5167659184778,31.1074092529338,54.948443925116
BA1-PZE-01 (2),2021-02-26 10:30:00,1.149074792664,2300.033,5.05007479266422,2871.404,49.5229524453889,31.1094437181759,54.949074792664
BA1-PZE-01 (2),2021-02-26 10:59:59.999997,1.153010734989,2299.713,5.0540107349887,2871.344,49.5615497914811,31.1127321637467,54.953010734989
BA1-PZE-01 (2),2021-02-26 11:30:00.000003,1.152050213997,2299.928,5.05305021399665,2871.359,49.5521305576352,31.1105226820457,54.952050213997
BA1-PZE-01 (2),2021-02-26 12:00:00,1.152494017669,2300.568,5.05349401766895,2871.354,49.5564826650913,31.1039470097177,54.952494017669
BA1-PZE-01 (2),2021-02-26 12:29:59.999997,1.150682346057,2299.713,5.05168234605741,2871.379,49.5387167248333,31.1127321637467,54.950682346057
BA1-PZE-01 (2),2021-02-26 13:00:00.000003,1.147856647613,2300.68,5.04885664761273,2871.424,49.5110068521194,31.1027964808622,54.947856647613
BA1-PZE-01 (2),2021-02-26 13:30:00,1.146060210871,2299.53,5.04706021087053,2871.448,49.4933903107793,31.1146129773612,54.946060210871
BA1-PZE-01 (2),2021-02-26 13:59:59.999997,1.154709471643,2299.918,5.05570947164269,2871.319,49.5782082486296,31.1106254434299,54.954709471643
BA1-PZE-01 (2),2021-02-26 14:30:00.000003,1.144427080562,2299.703,5.04542708056241,2871.473,49.4773752143881,31.1128349360524,54.944427080562
BA1-PZE-01 (2),2021-02-26 15:00:00,1.149418890474,2300.099,5.05041889047442,2871.399,49.5263267992729,31.1087655409743,54.949418890474
BA1-PZE-01 (2),2021-02-26 15:29:59.999997,1.14711842592,2300.26,5.04811842592002,2871.434,49.5037675696758,31.1071112924158,54.94711842592
BA1-PZE-01 (2),2021-02-26 16:00:00.000003,1.149366768432,2299.799,5.05036676843163,2871.399,49.5258156707154,31.1118483428891,54.949366768432
BA1-PZE-01 (2),2021-02-26 16:30:00,1.148304229754,2299.427,5.04930422975405,2871.414,49.5153960126777,31.115671652211,54.948304229754
BA1-PZE-01 (2),2021-02-26 16:59:59.999997,1.152418108253,2300.131,5.05341810825325,2871.354,49.5557382685154,31.1084367357486,54.952418108253
BA1-PZE-01 (2),2021-02-26 17:30:00.000003,1.149275883852,2299.276,5.050275883852,2871.399,49.524924421991,31.1172237875479,54.949275883852
BA1-PZE-01 (2),2021-02-26 18:00:00,1.150393849124,2299.967,5.05139384912419,2871.384,49.5358876142769,31.1101219175003,54.950393849124
BA1-PZE-01 (2),2021-02-26 18:29:59.999997,1.153369596505,2299.864,5.05436959650487,2871.339,49.5650689238759,31.1111803636817,54.953369596505
BA1-PZE-01 (2),2021-02-26 19:00:00.000003,1.151786382084,2300.324,5.05278638208447,2871.364,49.5495433216476,31.1064537394865,54.951786382084
BA1-PZE-01 (2),2021-02-26 19:30:00,1.150413828495,2300.082,5.05141382849497,2871.384,49.5360835395788,31.1089402208656,54.950413828495
BA1-PZE-01 (2),2021-02-26 19:59:59.999997,1.149406208155,2300.026,5.05040620815546,2871.399,49.5262024316345,31.1095156473585,54.949406208155
BA1-PZE-01 (2),2021-02-26 20:30:00.000003,1.152141937776,2300.456,5.05314193777556,2871.359,49.5530300358657,31.1050976022485,54.952141937776
BA1-PZE-01 (2),2021-02-26 21:00:00,1.152027279312,2299.796,5.05302727931168,2871.359,49.551905651399,31.1118791732168,54.952027279312
BA1-PZE-01 (2),2021-02-26 21:29:59.999997,1.148728956511,2299.957,5.04972895651051,2871.409,49.5195610446476,31.1102246769037,54.948728956511
BA1-PZE-01 (2),2021-02-26 22:00:00.000003,1.151736698101,2300.038,5.05273669810098,2871.364,49.5490561016259,31.1093923403407,54.951736698101
BA1-PZE-01 (2),2021-02-26 22:30:00,1.150825321794,2300.536,5.05182532179403,2871.379,49.5401187992368,31.104275743943,54.950825321794
BA1-PZE-01 (2),2021-02-26 22:59:59.999997,1.147070130266,2299.982,5.04807013026617,2871.434,49.5032939641425,31.1099677793475,54.947070130266
BA1-PZE-01 (2),2021-02-26 23:30:00.000003,1.146682589311,2299.666,5.04768258931059,2871.439,49.4994935902662,31.1132151980004,54.946682589311
BA1-PZE-01 (2),2021-02-27 00:00:00,1.149778274499,2300.253,5.05077827449931,2871.394,49.5298510555874,31.1071832135291,54.949778274499
BA1-PZE-01 (2),2021-02-27 00:29:59.999997,1.153420674542,2300.158,5.05442067454152,2871.339,49.5655698145127,31.1081593103843,54.953420674542
BA1-PZE-01 (2),2021-02-27 01:00:00.000003,1.150329733735,2299.598,5.05132973373513,2871.384,49.5352588744085,31.1139140759341,54.950329733735
BA1-PZE-01 (2),2021-02-27 01:30:00,1.152070193753,2300.043,5.05307019375258,2871.359,49.552326486714,31.1093409626325,54.952070193753
BA1-PZE-01 (2),2021-02-27 01:59:59.999997,1.150362053523,2299.784,5.05136205352306,2871.384,49.5355758145299,31.1120024949847,54.950362053523
BA1-PZE-01 (2),2021-02-27 02:30:00.000003,1.153075715376,2300.087,5.05407571537585,2871.344,49.5621870138496,31.1088888442746,54.953075715376
BA1-PZE-01 (2),2021-02-27 03:00:00,1.152505133461,2300.632,5.05350513346132,2871.354,49.556591670775,31.1032895568609,54.952505133461
BA1-PZE-01 (2),2021-02-27 03:29:59.999997,1.15248898071,2300.539,5.05348898070985,2871.354,49.556433270756,31.1042449248886,54.95248898071
BA1-PZE-01 (2),2021-02-27 04:00:00.000003,1.151744342248,2300.082,5.05274434224785,2871.364,49.5491310630348,31.1089402208656,54.951744342248
BA1-PZE-01 (2),2021-02-27 04:30:00,1.153503356582,2300.634,5.05450335658178,2871.339,49.566380626019,31.1032690117942,54.953503356582
BA1-PZE-01 (2),2021-02-27 04:59:59.999997,1.14811632948,2300.26,5.04911632947995,2871.419,49.5135533911879,31.1071112924158,54.94811632948
BA1-PZE-01 (2),2021-02-27 05:30:00.000003,1.154340708925,2299.71,5.05534070892515,2871.324,49.5745920212916,31.1127629953851,54.954340708925
BA1-PZE-01 (2),2021-02-27 06:00:00,1.153758336543,2300.187,5.05475833654319,2871.334,49.5688810564132,31.1078613391164,54.953758336543
BA1-PZE-01 (2),2021-02-27 06:29:59.999997,1.15569725801,2299.86,5.05669725800962,2871.304,49.5878948571033,31.1112214694748,54.95569725801
BA1-PZE-01 (2),2021-02-27 07:00:00.000003,1.151093505718,2300.165,5.05209350571796,2871.374,49.5427487127053,31.1080873858941,54.951093505718
BA1-PZE-01 (2),2021-02-27 07:30:00,1.155327301614,2300.028,5.05632730161358,2871.31,49.5842669241005,31.1094950961381,54.955327301614
BA1-PZE-01 (2),2021-02-27 07:59:59.999997,1.151706467346,2299.864,5.0527064673461,2871.364,49.5487596473559,31.1111803636817,54.951706467346
BA1-PZE-01 (2),2021-02-27 08:30:00.000003,1.153794468385,2300.395,5.05479446838501,2871.334,49.5692353789845,31.1057242910385,54.953794468385
BA1-PZE-01 (2),2021-02-27 09:00:00,1.153443952545,2300.292,5.05444395254502,2871.339,49.5657980874608,31.1067825133514,54.953443952545
BA1-PZE-01 (2),2021-02-27 09:29:59.999997,1.151532261738,2300.776,5.05253226173833,2871.369,49.547051320968,31.101810363947,54.951532261738
BA1-PZE-01 (2),2021-02-27 10:00:00.000003,1.150720050044,2299.93,5.05172005004441,2871.379,49.5390864644568,31.1105021298298,54.950720050044
BA1-PZE-01 (2),2021-02-27 10:30:00,1.153704479309,2299.877,5.05470447930852,2871.334,49.5683529119036,31.1110467704156,54.953704479309
BA1-PZE-01 (2),2021-02-27 10:59:59.999997,1.155366736874,2300.255,5.05636673687379,2871.31,49.5846536412472,31.1071626646142,54.955366736874
BA1-PZE-01 (2),2021-02-27 11:30:00.000003,1.150284376764,2299.337,5.05128437676365,2871.384,49.5348140867105,31.116596752038,54.950284376764
BA1-PZE-01 (2),2021-02-27 12:00:00,1.152403688823,2300.048,5.05340368882283,2871.354,49.5555968661011,31.1092895850512,54.952403688823
BA1-PZE-01 (2),2021-02-27 12:29:59.999997,1.153043400428,2299.901,5.05404340042814,2871.344,49.5618701211926,31.1108001389487,54.953043400428
BA1-PZE-01 (2),2021-02-27 13:00:00.000003,1.15477948302,2300.321,5.05577948302008,2871.319,49.5788948068014,31.1064845618154,54.95477948302
BA1-PZE-01 (2),2021-02-27 13:30:00,1.151774396032,2300.255,5.05277439603182,2871.364,49.5494257818614,31.1071626646142,54.951774396032
BA1-PZE-01 (2),2021-02-27 13:59:59.999997,1.146095311896,2299.732,5.0470953118963,2871.448,49.4937345247761,31.1125368977657,54.946095311896
BA1-PZE-01 (2),2021-02-27 14:30:00.000003,1.151999651454,2299.637,5.0529996514542,2871.359,49.5516347221298,31.1135132460109,54.951999651454
BA1-PZE-01 (2),2021-02-27 15:00:00,1.148703589635,2299.811,5.04970358963476,2871.409,49.5193122874247,31.1117250220355,54.948703589635
BA1-PZE-01 (2),2021-02-27 15:29:59.999997,1.145484419007,2300.045,5.04648441900748,2871.458,49.4877438769688,31.1093204115847,54.945484419007
BA1-PZE-01 (2),2021-02-27 16:00:00.000003,1.148446009701,2300.243,5.04944600970058,2871.414,49.5167863607102,31.1072859584085,54.948446009701
BA1-PZE-01 (2),2021-02-27 16:30:00,1.148065427757,2299.967,5.04906542775688,2871.419,49.5130542295489,31.1101219175003,54.948065427757
BA1-PZE-01 (2),2021-02-27 16:59:59.999997,1.149319504432,2299.527,5.05031950443176,2871.399,49.5253521819718,31.1146438117889,54.949319504432
BA1-PZE-01 (2),2021-02-27 17:30:00.000003,1.152415154924,2300.114,5.05341515492419,2871.354,49.5557093070476,31.1086114128773,54.952415154924
BA1-PZE-01 (2),2021-02-27 18:00:00,1.14869976707,2299.789,5.04969976707006,2871.409,49.5192748019034,31.1119511108259,54.94869976707
BA1-PZE-01 (2),2021-02-27 18:29:59.999997,1.154737095663,2300.077,5.05573709566307,2871.319,49.5784791402709,31.1089915975836,54.954737095663
BA1-PZE-01 (2),2021-02-27 21:00:00,1.155047131925,2299.947,5.05604713192518,2871.314,49.5815194736706,31.1103274368149,54.955047131925
BA1-PZE-01 (2),2021-02-28 21:00:00,1.158445238453,2300.744,5.05944523845316,2871.265,49.6148425975646,31.1021390643882,54.958445238453
BA1-PZE-01 (2),2021-03-01 21:00:00,1.156358691019,2300.221,5.05735869101895,2871.295,49.5943811205373,31.1075119989302,54.956358691019
BA1-PZE-01 (2),2021-03-02 21:00:00,1.168406431889,2300.646,5.06940643188854,2871.115,49.7125258456464,31.1031457418199,54.968406431889
BA1-PZE-01 (2),2021-03-03 21:00:00,1.172456254296,2301.367,5.07345625429629,2871.056,49.7522399431089,31.09574061183,54.972456254296
BA1-PZE-01 (2),2021-03-04 21:00:00,1.178086094009,2301.228,5.0790860940089,2870.971,49.8074482906703,31.0971680252835,54.978086094009
BA1-PZE-01 (2),2021-03-05 21:00:00,1.183999185812,2301.189,5.08499918581238,2870.882,49.86543431587,31.0975685401913,54.983999185812
BA1-PZE-01 (2),2021-03-06 21:00:00,1.181762317401,2301.714,5.08276231740141,2870.917,49.8434987342221,31.0921776404564,54.981762317401
BA1-PZE-01 (2),2021-03-07 21:00:00,1.190706898037,2301.897,5.09170689803655,2870.783,49.9312126908707,31.090298855361,54.990706898037
BA1-PZE-01 (2),2021-03-08 21:00:00,1.187501014303,2302.587,5.08850101430281,2870.833,49.899774576742,31.0832164382836,54.987501014303
BA1-PZE-01 (2),2021-03-09 21:00:00,1.188946018967,2302.865,5.0899460189666,2870.812,49.9139448415768,31.0803636245157,54.988946018967
BA1-PZE-01 (2),2021-03-10 21:00:00,1.195259170497,2303.217,5.09625917049712,2870.718,49.9758540044832,31.0767519902915,54.995259170497
BA1-PZE-01 (2),2021-03-11 21:00:00,1.198587614795,2303.234,5.09958761479532,2870.668,50.0084939940802,31.0765775806588,54.998587614795
BA1-PZE-01 (2),2021-03-12 21:00:00,1.20754900202,2303.902,5.10854900201984,2870.535,50.0963727625306,31.0697254662824,55.00754900202
BA1-PZE-01 (2),2021-03-13 21:00:00,1.214537579267,2303.934,5.11553757926668,2870.43,50.1649054066727,31.0693972779699,55.014537579267
BA1-PZE-01 (2),2021-03-14 21:00:00,1.21349874813,2303.696,5.11449874812981,2870.445,50.1547182337886,31.0718383026011,55.01349874813
BA1-PZE-01 (2),2021-03-15 21:00:00,1.220561737696,2304.542,5.12156173769577,2870.341,50.2239805934088,31.0631626843772,55.020561737696
BA1-PZE-01 (2),2021-03-16 21:00:00,1.215904929678,2304.149,5.11690492967815,2870.41,50.1783141644009,31.0671923970999,55.015904929678
BA1-PZE-01 (2),2021-03-17 21:00:00,1.215118836958,2305.369,5.116118836958,2870.425,50.1706054404725,31.054685407283,55.015118836958
BA1-PZE-01 (2),2021-03-18 21:00:00,1.219340196172,2305.168,5.1203401961725,2870.361,50.2120016930462,31.0567454673605,55.019340196172
BA1-PZE-01 (2),2021-03-19 21:00:00,1.212500600658,2305.611,5.11350060065837,2870.465,50.1449300203885,31.0522054068242,55.012500600658
BA1-PZE-01 (2),2021-03-20 21:00:00,1.210848546142,2305.672,5.11184854614203,2870.49,50.1287293460198,31.0515803294354,55.010848546142
BA1-PZE-01 (2),2021-03-21 21:00:00,1.206095629242,2306.645,5.10709562924151,2870.564,50.0821204367849,31.0416123733989,55.006095629242
BA1-PZE-01 (2),2021-03-22 21:00:00,1.200475011126,2306.833,5.10147501112597,2870.649,50.0270025197094,31.039686947268,55.000475011126
BA1-PZE-01 (2),2021-03-23 21:00:00,1.200559671706,2307.322,5.10155967170633,2870.649,50.0278327335309,31.0346796262702,55.000559671706
BA1-PZE-01 (2),2021-03-24 21:00:00,1.195457873152,2308.203,5.09645787315193,2870.728,49.9778025582228,31.0256613003301,54.995457873152
BA1-PZE-01 (2),2021-03-25 21:00:00,1.195653702961,2307.413,5.09665370296089,2870.723,49.9797229397448,31.0337479266639,54.995653702961
BA1-PZE-01 (2),2021-03-26 21:00:00,1.188952265929,2308.66,5.08995226592929,2870.827,49.9140061016667,31.0209847768319,54.988952265929
BA1-PZE-01 (2),2021-03-27 21:00:00,1.190174660754,2308.421,5.09117466075389,2870.808,49.9259933698266,31.0234303547833,54.990174660754
BA1-PZE-01 (2),2021-03-28 21:00:00,1.178109033102,2309.037,5.07910903310151,2870.991,49.8076732401294,31.0171276928168,54.978109033102
BA1-PZE-01 (2),2021-03-29 21:00:00,1.171434058042,2308.903,5.07243405804242,2871.091,49.7422158982093,31.0184985637474,54.971434058042
BA1-PZE-01 (2),2021-03-30 21:00:00,1.162259970894,2309.321,5.06325997089449,2871.23,49.6522513134831,31.0142225637928,54.962259970894
BA1-PZE-01 (2),2021-03-31 21:00:00,1.164012247548,2309.837,5.06501224754754,2871.205,49.6694348042083,31.0089452699135,54.964012247548
BA1-PZE-01 (2),2021-04-05 21:00:00,1.145291031769,2312.372,5.04629103176918,2871.493,49.4858474482234,30.9830384789516,54.945291031769
BA1-PZE-01 (2),2021-04-06 21:00:00,1.142966838974,2312.397,5.04396683897429,2871.528,49.4630555304827,30.9827831487032,54.942966838974
BA1-PZE-01 (2),2021-04-07 21:00:00,1.138378971116,2312.798,5.03937897111582,2871.598,49.4180651548731,30.9786880802929,54.938378971116
BA1-PZE-01 (2),2021-04-08 21:00:00,1.13718962687,2313.231,5.03818962687014,2871.617,49.4064019932493,30.9742671295537,54.93718962687
BA1-PZE-01 (2),2021-04-09 21:00:00,1.127001520253,2313.567,5.02800152025273,2871.771,49.3064935482778,30.9708372015955,54.927001520253
BA1-PZE-01 (2),2021-04-10 21:00:00,1.128694981276,2314.127,5.02969498127576,2871.747,49.323100270585,30.965121913105,54.928694981276
BA1-PZE-01 (2),2021-04-11 21:00:00,1.126504221098,2314.541,5.0275042210979,2871.781,49.3016168437925,30.96089769263,54.926504221098
BA1-PZE-01 (2),2021-04-12 21:00:00,1.124308101836,2315.31,5.02530810183626,2871.816,49.2800808637872,30.9530535330002,54.924308101836
BA1-PZE-01 (2),2021-04-13 21:00:00,1.115739085763,2315.393,5.01673908576286,2871.945,49.1960498359451,30.9522070712603,54.915739085763
BA1-PZE-01 (2),2021-04-14 21:00:00,1.116161256403,2315.912,5.01716125640269,2871.94,49.200189801664,30.9469149178283,54.916161256403
BA1-PZE-01 (2),2021-04-15 21:00:00,1.115927838653,2316.488,5.01692783865282,2871.945,49.1979008185105,30.9410431233385,54.915927838653
BA1-PZE-01 (2),2021-04-16 21:00:00,1.118919112862,2316.857,5.01991911286164,2871.901,49.2272343900861,30.9372823770831,54.918919112862
BA1-PZE-01 (2),2021-04-17 21:00:00,1.11583718506,2317.893,5.01683718506016,2871.95,49.1970118349321,30.9267273888288,54.91583718506
BA1-PZE-01 (2),2021-04-18 21:00:00,1.113525697706,2317.994,5.01452569770642,2871.985,49.1743445115761,30.9256986662472,54.913525697706
BA1-PZE-01 (2),2021-04-19 21:00:00,1.121162574403,2318.293,5.0221625744028,2871.871,49.2492346264744,30.9226535386488,54.921162574403
BA1-PZE-01 (2),2021-04-20 21:00:00,1.124303046074,2319.143,5.02530304607358,2871.826,49.2800312850567,30.9139992592861,54.924303046074
BA1-PZE-01 (2),2021-04-22 21:00:00,1.129509808174,2320.402,5.03050980817406,2871.751,49.3310907727835,30.9011873673255,54.929509808174
BA1-PZE-01 (2),2021-04-23 21:00:00,1.134149472862,2320.686,5.03514947286173,2871.682,49.3765890877837,30.8982984060923,54.934149472862
BA1-PZE-01 (2),2021-04-24 21:00:00,1.133477436322,2320.647,5.03447743632205,2871.692,49.3699988421018,30.8986951058372,54.933477436322
BA1-PZE-01 (2),2021-04-25 21:00:00,1.134614877412,2321.458,5.03561487741214,2871.677,49.3811530216594,30.8904473447901,54.934614877412
BA1-PZE-01 (2),2021-04-26 21:00:00,1.131721607761,2322.044,5.03272160776085,2871.722,49.3527805200163,30.8844898415023,54.931721607761
BA1-PZE-01 (2),2021-04-27 21:00:00,1.133470005727,2322.539,5.03447000572677,2871.697,49.3699259748606,30.8794588108377,54.933470005727
BA1-PZE-01 (2),2021-04-28 21:00:00,1.13681381695,2322.639,5.03781381694986,2871.647,49.402716658363,30.8784425889899,54.93681381695
BA1-PZE-01 (2),2021-04-29 21:00:00,1.140194792633,2323.343,5.04119479263273,2871.598,49.43587179068,30.8712897943654,54.940194792633
BA1-PZE-01 (2),2021-04-30 21:00:00,1.138953372432,2323.475,5.0399533724321,2871.617,49.4236979524526,30.8699489196426,54.938953372432
BA1-PZE-01 (2),2021-05-01 21:00:00,1.144005924275,2324.228,5.04500592427518,2871.543,49.4732451957964,30.8623014943134,54.944005924275
BA1-PZE-01 (2),2021-05-02 21:00:00,1.143717394591,2324.485,5.04471739459124,2871.548,49.4704157640739,30.859692061471,54.943717394591
BA1-PZE-01 (2),2021-05-03 21:00:00,1.140806091087,2324.966,5.0418060910872,2871.593,49.4418664156177,30.8548091402651,54.940806091087
BA1-PZE-01 (2),2021-05-04 21:00:00,1.143245671956,2325.613,5.04424567195557,2871.558,49.4657898726541,30.8482428636643,54.943245671956
BA1-PZE-01 (2),2021-05-05 21:00:00,1.148311003944,2326.054,5.04931100394402,2871.483,49.5154624429586,30.8437684307044,54.948311003944
BA1-PZE-01 (2),2021-05-06 21:00:00,1.141398990542,2326.483,5.04239899054184,2871.588,49.4476806129723,30.839416676171,54.941398990542
BA1-PZE-01 (2),2021-05-07 21:00:00,1.145382041511,2326.432,5.0463820415112,2871.528,49.4867399243372,30.8399339698455,54.945382041511
BA1-PZE-01 (2),2021-05-08 21:00:00,1.144933277557,2327.695,5.04593327755682,2871.538,49.4823391744701,30.8271271356542,54.944933277557
BA1-PZE-01 (2),2021-05-09 21:00:00,1.144317166421,2327.982,5.04531716642111,2871.548,49.4762973545514,30.8242180537655,54.944317166421
BA1-PZE-01 (2),2021-05-10 21:00:00,1.146740615177,2328.536,5.04774061517732,2871.513,49.500062613965,30.8186037662041,54.946740615177
BA1-PZE-01 (2),2021-05-13 21:00:00,1.152516333138,2329.63,5.05351633313847,2871.429,49.5567014990651,30.807521526401,54.952516333138
BA1-PZE-01 (2),2021-05-14 21:00:00,1.14969201622,2330.231,5.0506920162198,2871.473,49.5290051741204,30.8014359026847,54.94969201622
BA1-PZE-01 (2),2021-05-15 21:00:00,1.150714410642,2330.374,5.05171441064169,2871.458,49.5390311623309,30.7999881717646,54.950714410642
BA1-PZE-01 (2),2021-05-16 21:00:00,1.150991817635,2330.44,5.051991817635,2871.454,49.5417515207216,30.7993200223198,54.950991817635
BA1-PZE-01 (2),2021-05-17 21:00:00,1.150136073696,2330.882,5.05113607369616,2871.468,49.5333597704746,30.7948459999947,54.950136073696
BA1-PZE-01 (2),2021-05-18 21:00:00,1.148598279552,2331.615,5.04959827955235,2871.493,49.5182795767394,30.7874285361532,54.948598279552
BA1-PZE-01 (2),2021-05-19 21:00:00,1.144297829352,2331.755,5.04529782935187,2871.558,49.4761077279015,30.7860121323768,54.944297829352
BA1-PZE-01 (2),2021-05-20 21:00:00,1.150021375327,2332.156,5.05102137532724,2871.473,49.5322349946841,30.7819556821565,54.950021375327
BA1-PZE-01 (2),2021-05-21 21:00:00,1.142375805708,2332.187,5.04337580570788,2871.588,49.4572596336799,30.7816421242548,54.942375805708
BA1-PZE-01 (2),2021-05-22 21:00:00,1.144309331712,2333.768,5.04530933171217,2871.563,49.4762205244183,30.7656569499584,54.944309331712
BA1-PZE-01 (2),2021-05-23 21:00:00,1.136887006985,2332.771,5.03788700698533,2871.672,49.4034343876634,30.7757359830785,54.936887006985
BA1-PZE-01 (2),2021-05-24 21:00:00,1.137418102883,2333.932,5.038418102883,2871.667,49.4086425158516,30.763999483463,54.937418102883
BA1-PZE-01 (2),2021-05-25 21:00:00,1.134799157879,2334.18,5.03579915787883,2871.707,49.3829601459419,30.7614933221452,54.934799157879
BA1-PZE-01 (2),2021-05-26 21:00:00,1.130542339423,2334.188,5.0315423394233,2871.771,49.3412161665761,30.7614124832707,54.930542339423
BA1-PZE-01 (2),2021-05-27 21:00:00,1.126659699889,2334.829,5.02765969988905,2871.831,49.3031415278998,30.7549362917405,54.926659699889
BA1-PZE-01 (2),2021-05-28 21:00:00,1.131628919583,2335.096,5.03262891958306,2871.757,49.3518715845227,30.7522393167116,54.931628919583
BA1-PZE-01 (2),2021-05-29 21:00:00,1.125075353937,2335.292,5.02607535393744,2871.856,49.2876048294466,30.7502597378989,54.925075353937
BA1-PZE-01 (2),2021-05-30 21:00:00,1.127186006633,2335.963,5.02818600663303,2871.826,49.3083026918276,30.7434841400408,54.927186006633
BA1-PZE-01 (2),2021-05-31 21:00:00,1.124856031955,2335.956,5.02585603195522,2871.861,49.2854540747473,30.7435548129512,54.924856031955
BA1-PZE-01 (2),2021-06-01 21:00:00,1.12752073552,2335.975,5.02852073552004,2871.821,49.3115851704912,30.7433629870401,54.92752073552
BA1-PZE-01 (2),2021-06-02 21:00:00,1.11810364828,2336.938,5.01910364828032,2871.965,49.219237634525,30.7336427642637,54.91810364828
BA1-PZE-01 (2),2021-06-03 21:00:00,1.121807295751,2337.196,5.02280729575145,2871.91,49.2555570090132,30.7310393656631,54.921807295751
BA1-PZE-01 (2),2021-06-04 21:00:00,1.117930101271,2337.871,5.01893010127133,2871.97,49.2175357666069,30.7242296933237,54.917930101271
BA1-PZE-01 (2),2021-06-05 21:00:00,1.117065684331,2338.655,5.01806568433063,2871.985,49.209058965608,30.7163231895769,54.917065684331
BA1-PZE-01 (2),2021-06-06 21:00:00,1.11083385008,2338.79,5.01183385007967,2872.079,49.1479472308455,30.7149620420802,54.91083385008
BA1-PZE-01 (2),2021-06-07 21:00:00,1.117389177472,2338.601,5.01838917747203,2871.98,49.2122312622801,30.7168676735815,54.917389177472
BA1-PZE-01 (2),2021-06-08 21:00:00,1.109553629206,2339.087,5.01055362920622,2872.099,49.1353928984774,30.7119678318998,54.909553629206
BA1-PZE-01 (2),2021-06-09 21:00:00,1.110264216462,2339.352,5.01126421646156,2872.089,49.1423611871256,30.709296594987,54.910264216462
BA1-PZE-01 (2),2021-06-10 21:00:00,1.11362443917,2339.937,5.01462443916983,2872.04,49.1753128078884,30.7034009309511,54.91362443917
BA1-PZE-01 (2),2021-06-11 21:00:00,1.112355961745,2340.303,5.01335596174473,2872.06,49.1628736362361,30.6997132135338,54.912355961745
BA1-PZE-01 (2),2021-06-12 21:00:00,1.108112753587,2340.394,5.00911275358689,2872.124,49.1212631246214,30.6987964237946,54.908112753587
BA1-PZE-01 (2),2021-06-13 21:00:00,1.109580359638,2341.197,5.01058035963825,2872.104,49.1356550272507,30.6907082656929,54.909580359638
BA1-PZE-01 (2),2021-06-14 21:00:00,1.107234668061,2341.099,5.00823466806134,2872.139,49.1126522842849,30.6916951945091,54.907234668061
BA1-PZE-01 (2),2021-06-15 21:00:00,1.103657999015,2341.588,5.00465799901497,2872.194,49.0775781084825,30.6867710884685,54.903657999015
BA1-PZE-01 (2),2021-06-16 21:00:00,1.106039816975,2341.898,5.0070398169746,2872.159,49.1009351204846,30.6836500723384,54.906039816975
BA1-PZE-01 (2),2021-06-17 21:00:00,1.104024596812,2341.787,5.00502459681151,2872.189,49.081173105782,30.6847675435008,54.904024596812
BA1-PZE-01 (2),2021-06-18 21:00:00,1.100266219865,2342.773,5.00126621986549,2872.248,49.0443170332664,30.6748432851581,54.900266219865
BA1-PZE-01 (2),2021-06-19 21:00:00,1.10512028307,2342.36,5.00612028306964,2872.174,49.0919178215899,30.6789996227781,54.90512028307
BA1-PZE-01 (2),2021-06-20 21:00:00,1.106365101882,2343.81,5.00736510188249,2872.159,49.1041249878997,30.6644108237551,54.906365101882
BA1-PZE-01 (2),2021-06-21 21:00:00,1.103452898211,2344.294,5.0044528982108,2872.204,49.0755668120577,30.6595434666135,54.903452898211
BA1-PZE-01 (2),2021-06-22 21:00:00,1.102835291492,2344.184,5.00383529149171,2872.213,49.0695103258797,30.660649583847,54.902835291492
BA1-PZE-01 (2),2021-06-23 21:00:00,1.104049825783,2343.891,5.00504982578275,2872.194,49.0814205106609,30.6635961658002,54.904049825783
BA1-PZE-01 (2),2021-06-24 21:00:00,1.100625700441,2344.887,5.00162570044058,2872.248,49.0478422363879,30.6535815051732,54.900625700441
BA1-PZE-01 (2),2021-06-25 21:00:00,1.095930204775,2344.668,4.99693020477522,2872.318,49.0017964216051,30.6557831092176,54.895930204775
BA1-PZE-01 (2),2021-06-26 21:00:00,1.097075586032,2345.534,4.9980755860316,2872.303,49.0130284654497,30.6470785877445,54.897075586032
BA1-PZE-01 (2),2021-06-27 21:00:00,1.097232205448,2346.456,4.99823220544835,2872.303,49.0145643349665,30.637815201032,54.897232205448
BA1-PZE-01 (2),2021-06-28 21:00:00,1.095979862066,2346.527,4.99697986206619,2872.322,49.0022833798696,30.6371020315316,54.895979862066
BA1-PZE-01 (2),2021-06-29 21:00:00,1.095213530081,2346.325,4.99621353008079,2872.333,48.9947684372147,30.6391311133594,54.895213530081
BA1-PZE-01 (2),2021-06-30 21:00:00,1.094254200554,2346.554,4.99525420055399,2872.348,48.9853608873299,30.6368308326653,54.894254200554
BA1-PZE-01 (2),2021-07-01 21:00:00,1.094763513214,2347.594,4.99576351321432,2872.343,48.9903554008161,30.6263873525789,54.894763513214
BA1-PZE-01 (2),2021-07-02 21:00:00,1.089444857343,2347.233,4.99044485734305,2872.422,48.9381986402527,30.6300118492451,54.889444857343
BA1-PZE-01 (2),2021-07-03 21:00:00,1.093218117411,2347.899,4.99421811741139,2872.367,48.9752006623221,30.6233255983565,54.893218117411
BA1-PZE-01 (2),2021-07-04 21:00:00,1.097282738574,2348.714,4.99828273857352,2872.308,49.0150598819941,30.6151464068491,54.897282738574
BA1-PZE-01 (2),2021-07-05 21:00:00,1.10251754497,2348.19,5.00351754496975,2872.228,49.0663943827421,30.6204048050392,54.90251754497
BA1-PZE-01 (2),2021-07-06 21:00:00,1.104142118164,2348.352,5.00514211816444,2872.204,49.082325564827,30.6187789746404,54.904142118164
BA1-PZE-01 (2),2021-07-07 21:00:00,1.099039368045,2349.262,5.00003936804504,2872.283,49.0322860581106,30.6096485921536,54.899039368045
BA1-PZE-01 (2),2021-07-08 21:00:00,1.102771137915,2349.685,5.00377113791475,2872.228,49.0688812115258,30.6054058377067,54.902771137915
BA1-PZE-01 (2),2021-07-09 21:00:00,1.096690543439,2349.146,4.99769054343872,2872.318,49.0092525914683,30.6108122415266,54.896690543439
BA1-PZE-01 (2),2021-07-10 21:00:00,1.093791526978,2349.71,4.99479152697791,2872.363,48.9808237344267,30.6051551110673,54.893791526978
BA1-PZE-01 (2),2021-07-11 21:00:00,1.091002211506,2350.529,4.99200221150585,2872.407,48.9534706469676,30.5969429825454,54.891002211506
BA1-PZE-01 (2),2021-07-12 21:00:00,1.085603072554,2350.086,4.98660307255367,2872.487,48.9005246387303,30.601384548078,54.885603072554
BA1-PZE-01 (2),2021-07-13 21:00:00,1.087030548507,2350.655,4.98803054850738,2872.467,48.9145230103732,30.5956798668063,54.887030548507
